-- phpMyAdmin SQL Dump
-- version 5.2.2
-- https://www.phpmyadmin.net/
--
-- Хост: db
-- Время создания: Май 04 2025 г., 14:37
-- Версия сервера: 9.3.0
-- Версия PHP: 8.2.28

SET SQL_MODE = "NO_AUTO_VALUE_ON_ZERO";
START TRANSACTION;
SET time_zone = "+00:00";


/*!40101 SET @OLD_CHARACTER_SET_CLIENT=@@CHARACTER_SET_CLIENT */;
/*!40101 SET @OLD_CHARACTER_SET_RESULTS=@@CHARACTER_SET_RESULTS */;
/*!40101 SET @OLD_COLLATION_CONNECTION=@@COLLATION_CONNECTION */;
/*!40101 SET NAMES utf8mb4 */;

--
-- База данных: `warehousedb`
--

-- --------------------------------------------------------

--
-- Структура таблицы `Distances`
--

CREATE TABLE `Distances` (
  `ShopId` char(36) CHARACTER SET ascii COLLATE ascii_general_ci NOT NULL,
  `WarehouseId` char(36) CHARACTER SET ascii COLLATE ascii_general_ci NOT NULL,
  `Length` int NOT NULL
) ENGINE=InnoDB DEFAULT CHARSET=utf8mb4 COLLATE=utf8mb4_0900_ai_ci;

--
-- Дамп данных таблицы `Distances`
--

INSERT INTO `Distances` (`ShopId`, `WarehouseId`, `Length`) VALUES
('007dbcb1-28e5-11f0-8782-0242ac140003', '007c9bab-28e5-11f0-8782-0242ac140003', 32),
('007dbcb1-28e5-11f0-8782-0242ac140003', '007c9fc9-28e5-11f0-8782-0242ac140003', 20),
('007dbcb1-28e5-11f0-8782-0242ac140003', '007ca0c9-28e5-11f0-8782-0242ac140003', 12),
('007dbcb1-28e5-11f0-8782-0242ac140003', '007ca0e5-28e5-11f0-8782-0242ac140003', 25),
('007dbcb1-28e5-11f0-8782-0242ac140003', '007ca0fe-28e5-11f0-8782-0242ac140003', 18),
('007dbcb1-28e5-11f0-8782-0242ac140003', '007ca118-28e5-11f0-8782-0242ac140003', 36),
('007dbcb1-28e5-11f0-8782-0242ac140003', '007ca166-28e5-11f0-8782-0242ac140003', 37),
('007dbcb1-28e5-11f0-8782-0242ac140003', '007ca17c-28e5-11f0-8782-0242ac140003', 45),
('007dbcb1-28e5-11f0-8782-0242ac140003', '007ca1c5-28e5-11f0-8782-0242ac140003', 15),
('007dbcb1-28e5-11f0-8782-0242ac140003', '007ca1e5-28e5-11f0-8782-0242ac140003', 17),
('007dc144-28e5-11f0-8782-0242ac140003', '007c9bab-28e5-11f0-8782-0242ac140003', 24),
('007dc144-28e5-11f0-8782-0242ac140003', '007c9fc9-28e5-11f0-8782-0242ac140003', 36),
('007dc144-28e5-11f0-8782-0242ac140003', '007ca0a3-28e5-11f0-8782-0242ac140003', 32),
('007dc144-28e5-11f0-8782-0242ac140003', '007ca0c9-28e5-11f0-8782-0242ac140003', 34),
('007dc144-28e5-11f0-8782-0242ac140003', '007ca0e5-28e5-11f0-8782-0242ac140003', 13),
('007dc144-28e5-11f0-8782-0242ac140003', '007ca0fe-28e5-11f0-8782-0242ac140003', 25),
('007dc144-28e5-11f0-8782-0242ac140003', '007ca118-28e5-11f0-8782-0242ac140003', 15),
('007dc144-28e5-11f0-8782-0242ac140003', '007ca131-28e5-11f0-8782-0242ac140003', 30),
('007dc144-28e5-11f0-8782-0242ac140003', '007ca14e-28e5-11f0-8782-0242ac140003', 42),
('007dc144-28e5-11f0-8782-0242ac140003', '007ca166-28e5-11f0-8782-0242ac140003', 14),
('007dc144-28e5-11f0-8782-0242ac140003', '007ca17c-28e5-11f0-8782-0242ac140003', 13),
('007dc144-28e5-11f0-8782-0242ac140003', '007ca194-28e5-11f0-8782-0242ac140003', 33),
('007dc144-28e5-11f0-8782-0242ac140003', '007ca1ac-28e5-11f0-8782-0242ac140003', 31),
('007dc144-28e5-11f0-8782-0242ac140003', '007ca1c5-28e5-11f0-8782-0242ac140003', 22),
('007dc236-28e5-11f0-8782-0242ac140003', '007c9bab-28e5-11f0-8782-0242ac140003', 22),
('007dc236-28e5-11f0-8782-0242ac140003', '007c9fc9-28e5-11f0-8782-0242ac140003', 25),
('007dc236-28e5-11f0-8782-0242ac140003', '007ca0a3-28e5-11f0-8782-0242ac140003', 160),
('007dc236-28e5-11f0-8782-0242ac140003', '007ca0c9-28e5-11f0-8782-0242ac140003', 745),
('007dc236-28e5-11f0-8782-0242ac140003', '007ca0e5-28e5-11f0-8782-0242ac140003', 324),
('007dc236-28e5-11f0-8782-0242ac140003', '007ca118-28e5-11f0-8782-0242ac140003', 236),
('007dc236-28e5-11f0-8782-0242ac140003', '007ca131-28e5-11f0-8782-0242ac140003', 671),
('007dc236-28e5-11f0-8782-0242ac140003', '007ca14e-28e5-11f0-8782-0242ac140003', 159),
('007dc236-28e5-11f0-8782-0242ac140003', '007ca166-28e5-11f0-8782-0242ac140003', 696),
('007dc236-28e5-11f0-8782-0242ac140003', '007ca17c-28e5-11f0-8782-0242ac140003', 997),
('007dc236-28e5-11f0-8782-0242ac140003', '007ca194-28e5-11f0-8782-0242ac140003', 685),
('007dc236-28e5-11f0-8782-0242ac140003', '007ca1e5-28e5-11f0-8782-0242ac140003', 554),
('007dc25d-28e5-11f0-8782-0242ac140003', '007c9bab-28e5-11f0-8782-0242ac140003', 510),
('007dc25d-28e5-11f0-8782-0242ac140003', '007c9fc9-28e5-11f0-8782-0242ac140003', 159),
('007dc25d-28e5-11f0-8782-0242ac140003', '007ca0a3-28e5-11f0-8782-0242ac140003', 159),
('007dc25d-28e5-11f0-8782-0242ac140003', '007ca0e5-28e5-11f0-8782-0242ac140003', 891),
('007dc25d-28e5-11f0-8782-0242ac140003', '007ca118-28e5-11f0-8782-0242ac140003', 837),
('007dc25d-28e5-11f0-8782-0242ac140003', '007ca14e-28e5-11f0-8782-0242ac140003', 242),
('007dc25d-28e5-11f0-8782-0242ac140003', '007ca166-28e5-11f0-8782-0242ac140003', 116),
('007dc25d-28e5-11f0-8782-0242ac140003', '007ca17c-28e5-11f0-8782-0242ac140003', 430),
('007dc25d-28e5-11f0-8782-0242ac140003', '007ca194-28e5-11f0-8782-0242ac140003', 220),
('007dc25d-28e5-11f0-8782-0242ac140003', '007ca1ac-28e5-11f0-8782-0242ac140003', 740),
('007dc25d-28e5-11f0-8782-0242ac140003', '007ca1c5-28e5-11f0-8782-0242ac140003', 861),
('007dc25d-28e5-11f0-8782-0242ac140003', '007ca1e5-28e5-11f0-8782-0242ac140003', 838),
('007dc279-28e5-11f0-8782-0242ac140003', '007c9bab-28e5-11f0-8782-0242ac140003', 429),
('007dc279-28e5-11f0-8782-0242ac140003', '007c9fc9-28e5-11f0-8782-0242ac140003', 21),
('007dc279-28e5-11f0-8782-0242ac140003', '007ca0a3-28e5-11f0-8782-0242ac140003', 987),
('007dc279-28e5-11f0-8782-0242ac140003', '007ca0c9-28e5-11f0-8782-0242ac140003', 405),
('007dc279-28e5-11f0-8782-0242ac140003', '007ca0e5-28e5-11f0-8782-0242ac140003', 959),
('007dc279-28e5-11f0-8782-0242ac140003', '007ca0fe-28e5-11f0-8782-0242ac140003', 525),
('007dc279-28e5-11f0-8782-0242ac140003', '007ca131-28e5-11f0-8782-0242ac140003', 823),
('007dc279-28e5-11f0-8782-0242ac140003', '007ca14e-28e5-11f0-8782-0242ac140003', 243),
('007dc279-28e5-11f0-8782-0242ac140003', '007ca194-28e5-11f0-8782-0242ac140003', 327),
('007dc279-28e5-11f0-8782-0242ac140003', '007ca1ac-28e5-11f0-8782-0242ac140003', 253),
('007dc279-28e5-11f0-8782-0242ac140003', '007ca1c5-28e5-11f0-8782-0242ac140003', 44),
('007dc293-28e5-11f0-8782-0242ac140003', '007c9bab-28e5-11f0-8782-0242ac140003', 84),
('007dc293-28e5-11f0-8782-0242ac140003', '007c9fc9-28e5-11f0-8782-0242ac140003', 594),
('007dc293-28e5-11f0-8782-0242ac140003', '007ca0a3-28e5-11f0-8782-0242ac140003', 457),
('007dc293-28e5-11f0-8782-0242ac140003', '007ca0c9-28e5-11f0-8782-0242ac140003', 112),
('007dc293-28e5-11f0-8782-0242ac140003', '007ca0e5-28e5-11f0-8782-0242ac140003', 64),
('007dc293-28e5-11f0-8782-0242ac140003', '007ca0fe-28e5-11f0-8782-0242ac140003', 113),
('007dc293-28e5-11f0-8782-0242ac140003', '007ca118-28e5-11f0-8782-0242ac140003', 445),
('007dc293-28e5-11f0-8782-0242ac140003', '007ca131-28e5-11f0-8782-0242ac140003', 140),
('007dc293-28e5-11f0-8782-0242ac140003', '007ca166-28e5-11f0-8782-0242ac140003', 82),
('007dc293-28e5-11f0-8782-0242ac140003', '007ca17c-28e5-11f0-8782-0242ac140003', 529),
('007dc293-28e5-11f0-8782-0242ac140003', '007ca1ac-28e5-11f0-8782-0242ac140003', 446),
('007dc293-28e5-11f0-8782-0242ac140003', '007ca1c5-28e5-11f0-8782-0242ac140003', 706),
('007dc293-28e5-11f0-8782-0242ac140003', '007ca1e5-28e5-11f0-8782-0242ac140003', 876),
('007dc2ab-28e5-11f0-8782-0242ac140003', '007c9fc9-28e5-11f0-8782-0242ac140003', 451),
('007dc2ab-28e5-11f0-8782-0242ac140003', '007ca0c9-28e5-11f0-8782-0242ac140003', 954),
('007dc2ab-28e5-11f0-8782-0242ac140003', '007ca0e5-28e5-11f0-8782-0242ac140003', 875),
('007dc2ab-28e5-11f0-8782-0242ac140003', '007ca118-28e5-11f0-8782-0242ac140003', 469),
('007dc2ab-28e5-11f0-8782-0242ac140003', '007ca14e-28e5-11f0-8782-0242ac140003', 153),
('007dc2ab-28e5-11f0-8782-0242ac140003', '007ca166-28e5-11f0-8782-0242ac140003', 634),
('007dc2ab-28e5-11f0-8782-0242ac140003', '007ca194-28e5-11f0-8782-0242ac140003', 92),
('007dc2ab-28e5-11f0-8782-0242ac140003', '007ca1ac-28e5-11f0-8782-0242ac140003', 623),
('007dc2ab-28e5-11f0-8782-0242ac140003', '007ca1e5-28e5-11f0-8782-0242ac140003', 166),
('007dc342-28e5-11f0-8782-0242ac140003', '007c9bab-28e5-11f0-8782-0242ac140003', 513),
('007dc342-28e5-11f0-8782-0242ac140003', '007c9fc9-28e5-11f0-8782-0242ac140003', 496),
('007dc342-28e5-11f0-8782-0242ac140003', '007ca0a3-28e5-11f0-8782-0242ac140003', 980),
('007dc342-28e5-11f0-8782-0242ac140003', '007ca0c9-28e5-11f0-8782-0242ac140003', 227),
('007dc342-28e5-11f0-8782-0242ac140003', '007ca0fe-28e5-11f0-8782-0242ac140003', 828),
('007dc342-28e5-11f0-8782-0242ac140003', '007ca118-28e5-11f0-8782-0242ac140003', 790),
('007dc342-28e5-11f0-8782-0242ac140003', '007ca131-28e5-11f0-8782-0242ac140003', 567),
('007dc342-28e5-11f0-8782-0242ac140003', '007ca14e-28e5-11f0-8782-0242ac140003', 544),
('007dc342-28e5-11f0-8782-0242ac140003', '007ca166-28e5-11f0-8782-0242ac140003', 299),
('007dc342-28e5-11f0-8782-0242ac140003', '007ca17c-28e5-11f0-8782-0242ac140003', 783),
('007dc342-28e5-11f0-8782-0242ac140003', '007ca194-28e5-11f0-8782-0242ac140003', 499),
('007dc342-28e5-11f0-8782-0242ac140003', '007ca1c5-28e5-11f0-8782-0242ac140003', 567),
('007dc342-28e5-11f0-8782-0242ac140003', '007ca1e5-28e5-11f0-8782-0242ac140003', 845),
('007dc36f-28e5-11f0-8782-0242ac140003', '007c9fc9-28e5-11f0-8782-0242ac140003', 755),
('007dc36f-28e5-11f0-8782-0242ac140003', '007ca0a3-28e5-11f0-8782-0242ac140003', 274),
('007dc36f-28e5-11f0-8782-0242ac140003', '007ca0c9-28e5-11f0-8782-0242ac140003', 263),
('007dc36f-28e5-11f0-8782-0242ac140003', '007ca118-28e5-11f0-8782-0242ac140003', 186),
('007dc36f-28e5-11f0-8782-0242ac140003', '007ca131-28e5-11f0-8782-0242ac140003', 746),
('007dc36f-28e5-11f0-8782-0242ac140003', '007ca14e-28e5-11f0-8782-0242ac140003', 434),
('007dc36f-28e5-11f0-8782-0242ac140003', '007ca166-28e5-11f0-8782-0242ac140003', 267),
('007dc36f-28e5-11f0-8782-0242ac140003', '007ca17c-28e5-11f0-8782-0242ac140003', 396),
('007dc36f-28e5-11f0-8782-0242ac140003', '007ca194-28e5-11f0-8782-0242ac140003', 685),
('007dc36f-28e5-11f0-8782-0242ac140003', '007ca1ac-28e5-11f0-8782-0242ac140003', 503),
('007dc36f-28e5-11f0-8782-0242ac140003', '007ca1c5-28e5-11f0-8782-0242ac140003', 755),
('007dc38a-28e5-11f0-8782-0242ac140003', '007c9bab-28e5-11f0-8782-0242ac140003', 198),
('007dc38a-28e5-11f0-8782-0242ac140003', '007ca0a3-28e5-11f0-8782-0242ac140003', 191),
('007dc38a-28e5-11f0-8782-0242ac140003', '007ca0c9-28e5-11f0-8782-0242ac140003', 122),
('007dc38a-28e5-11f0-8782-0242ac140003', '007ca0e5-28e5-11f0-8782-0242ac140003', 337),
('007dc38a-28e5-11f0-8782-0242ac140003', '007ca0fe-28e5-11f0-8782-0242ac140003', 356),
('007dc38a-28e5-11f0-8782-0242ac140003', '007ca118-28e5-11f0-8782-0242ac140003', 259),
('007dc38a-28e5-11f0-8782-0242ac140003', '007ca131-28e5-11f0-8782-0242ac140003', 276),
('007dc38a-28e5-11f0-8782-0242ac140003', '007ca14e-28e5-11f0-8782-0242ac140003', 100),
('007dc38a-28e5-11f0-8782-0242ac140003', '007ca17c-28e5-11f0-8782-0242ac140003', 18),
('007dc38a-28e5-11f0-8782-0242ac140003', '007ca194-28e5-11f0-8782-0242ac140003', 792),
('007dc38a-28e5-11f0-8782-0242ac140003', '007ca1ac-28e5-11f0-8782-0242ac140003', 105),
('007dc38a-28e5-11f0-8782-0242ac140003', '007ca1c5-28e5-11f0-8782-0242ac140003', 13),
('007dc3a3-28e5-11f0-8782-0242ac140003', '007c9fc9-28e5-11f0-8782-0242ac140003', 100),
('007dc3a3-28e5-11f0-8782-0242ac140003', '007ca0a3-28e5-11f0-8782-0242ac140003', 225),
('007dc3a3-28e5-11f0-8782-0242ac140003', '007ca0e5-28e5-11f0-8782-0242ac140003', 432),
('007dc3a3-28e5-11f0-8782-0242ac140003', '007ca118-28e5-11f0-8782-0242ac140003', 994),
('007dc3a3-28e5-11f0-8782-0242ac140003', '007ca131-28e5-11f0-8782-0242ac140003', 42),
('007dc3a3-28e5-11f0-8782-0242ac140003', '007ca14e-28e5-11f0-8782-0242ac140003', 414),
('007dc3a3-28e5-11f0-8782-0242ac140003', '007ca194-28e5-11f0-8782-0242ac140003', 747),
('007dc3a3-28e5-11f0-8782-0242ac140003', '007ca1c5-28e5-11f0-8782-0242ac140003', 109),
('007dc3a3-28e5-11f0-8782-0242ac140003', '007ca1e5-28e5-11f0-8782-0242ac140003', 630),
('007dc3bd-28e5-11f0-8782-0242ac140003', '007c9fc9-28e5-11f0-8782-0242ac140003', 586),
('007dc3bd-28e5-11f0-8782-0242ac140003', '007ca0a3-28e5-11f0-8782-0242ac140003', 695),
('007dc3bd-28e5-11f0-8782-0242ac140003', '007ca0e5-28e5-11f0-8782-0242ac140003', 1006),
('007dc3bd-28e5-11f0-8782-0242ac140003', '007ca0fe-28e5-11f0-8782-0242ac140003', 257),
('007dc3bd-28e5-11f0-8782-0242ac140003', '007ca118-28e5-11f0-8782-0242ac140003', 422),
('007dc3bd-28e5-11f0-8782-0242ac140003', '007ca166-28e5-11f0-8782-0242ac140003', 190),
('007dc3bd-28e5-11f0-8782-0242ac140003', '007ca194-28e5-11f0-8782-0242ac140003', 300),
('007dc3bd-28e5-11f0-8782-0242ac140003', '007ca1ac-28e5-11f0-8782-0242ac140003', 807),
('007dc3bd-28e5-11f0-8782-0242ac140003', '007ca1c5-28e5-11f0-8782-0242ac140003', 215),
('007dc3d5-28e5-11f0-8782-0242ac140003', '007c9bab-28e5-11f0-8782-0242ac140003', 884),
('007dc3d5-28e5-11f0-8782-0242ac140003', '007c9fc9-28e5-11f0-8782-0242ac140003', 152),
('007dc3d5-28e5-11f0-8782-0242ac140003', '007ca0a3-28e5-11f0-8782-0242ac140003', 325),
('007dc3d5-28e5-11f0-8782-0242ac140003', '007ca0c9-28e5-11f0-8782-0242ac140003', 993),
('007dc3d5-28e5-11f0-8782-0242ac140003', '007ca0e5-28e5-11f0-8782-0242ac140003', 829),
('007dc3d5-28e5-11f0-8782-0242ac140003', '007ca118-28e5-11f0-8782-0242ac140003', 695),
('007dc3d5-28e5-11f0-8782-0242ac140003', '007ca131-28e5-11f0-8782-0242ac140003', 723),
('007dc3d5-28e5-11f0-8782-0242ac140003', '007ca14e-28e5-11f0-8782-0242ac140003', 329),
('007dc3d5-28e5-11f0-8782-0242ac140003', '007ca17c-28e5-11f0-8782-0242ac140003', 417),
('007dc3d5-28e5-11f0-8782-0242ac140003', '007ca194-28e5-11f0-8782-0242ac140003', 490),
('007dc3d5-28e5-11f0-8782-0242ac140003', '007ca1c5-28e5-11f0-8782-0242ac140003', 733),
('007dc3f7-28e5-11f0-8782-0242ac140003', '007c9bab-28e5-11f0-8782-0242ac140003', 527),
('007dc3f7-28e5-11f0-8782-0242ac140003', '007c9fc9-28e5-11f0-8782-0242ac140003', 736),
('007dc3f7-28e5-11f0-8782-0242ac140003', '007ca0a3-28e5-11f0-8782-0242ac140003', 263),
('007dc3f7-28e5-11f0-8782-0242ac140003', '007ca0c9-28e5-11f0-8782-0242ac140003', 909),
('007dc3f7-28e5-11f0-8782-0242ac140003', '007ca0e5-28e5-11f0-8782-0242ac140003', 103),
('007dc3f7-28e5-11f0-8782-0242ac140003', '007ca118-28e5-11f0-8782-0242ac140003', 19),
('007dc3f7-28e5-11f0-8782-0242ac140003', '007ca14e-28e5-11f0-8782-0242ac140003', 924),
('007dc3f7-28e5-11f0-8782-0242ac140003', '007ca166-28e5-11f0-8782-0242ac140003', 44),
('007dc3f7-28e5-11f0-8782-0242ac140003', '007ca17c-28e5-11f0-8782-0242ac140003', 982),
('007dc3f7-28e5-11f0-8782-0242ac140003', '007ca1ac-28e5-11f0-8782-0242ac140003', 460),
('007dc3f7-28e5-11f0-8782-0242ac140003', '007ca1c5-28e5-11f0-8782-0242ac140003', 714),
('007dc40e-28e5-11f0-8782-0242ac140003', '007c9bab-28e5-11f0-8782-0242ac140003', 218),
('007dc40e-28e5-11f0-8782-0242ac140003', '007c9fc9-28e5-11f0-8782-0242ac140003', 632),
('007dc40e-28e5-11f0-8782-0242ac140003', '007ca0a3-28e5-11f0-8782-0242ac140003', 522),
('007dc40e-28e5-11f0-8782-0242ac140003', '007ca0c9-28e5-11f0-8782-0242ac140003', 912),
('007dc40e-28e5-11f0-8782-0242ac140003', '007ca0e5-28e5-11f0-8782-0242ac140003', 747),
('007dc40e-28e5-11f0-8782-0242ac140003', '007ca0fe-28e5-11f0-8782-0242ac140003', 355),
('007dc40e-28e5-11f0-8782-0242ac140003', '007ca118-28e5-11f0-8782-0242ac140003', 657),
('007dc40e-28e5-11f0-8782-0242ac140003', '007ca131-28e5-11f0-8782-0242ac140003', 561),
('007dc40e-28e5-11f0-8782-0242ac140003', '007ca166-28e5-11f0-8782-0242ac140003', 715),
('007dc40e-28e5-11f0-8782-0242ac140003', '007ca17c-28e5-11f0-8782-0242ac140003', 140),
('007dc40e-28e5-11f0-8782-0242ac140003', '007ca1ac-28e5-11f0-8782-0242ac140003', 400),
('007dc40e-28e5-11f0-8782-0242ac140003', '007ca1c5-28e5-11f0-8782-0242ac140003', 595),
('007dc425-28e5-11f0-8782-0242ac140003', '007c9bab-28e5-11f0-8782-0242ac140003', 361),
('007dc425-28e5-11f0-8782-0242ac140003', '007c9fc9-28e5-11f0-8782-0242ac140003', 263),
('007dc425-28e5-11f0-8782-0242ac140003', '007ca0c9-28e5-11f0-8782-0242ac140003', 610),
('007dc425-28e5-11f0-8782-0242ac140003', '007ca0e5-28e5-11f0-8782-0242ac140003', 460),
('007dc425-28e5-11f0-8782-0242ac140003', '007ca0fe-28e5-11f0-8782-0242ac140003', 894),
('007dc425-28e5-11f0-8782-0242ac140003', '007ca118-28e5-11f0-8782-0242ac140003', 827),
('007dc425-28e5-11f0-8782-0242ac140003', '007ca131-28e5-11f0-8782-0242ac140003', 749),
('007dc425-28e5-11f0-8782-0242ac140003', '007ca166-28e5-11f0-8782-0242ac140003', 339),
('007dc425-28e5-11f0-8782-0242ac140003', '007ca17c-28e5-11f0-8782-0242ac140003', 591),
('007dc425-28e5-11f0-8782-0242ac140003', '007ca194-28e5-11f0-8782-0242ac140003', 645),
('007dc425-28e5-11f0-8782-0242ac140003', '007ca1c5-28e5-11f0-8782-0242ac140003', 388),
('007dc43c-28e5-11f0-8782-0242ac140003', '007c9fc9-28e5-11f0-8782-0242ac140003', 175),
('007dc43c-28e5-11f0-8782-0242ac140003', '007ca0c9-28e5-11f0-8782-0242ac140003', 684),
('007dc43c-28e5-11f0-8782-0242ac140003', '007ca0fe-28e5-11f0-8782-0242ac140003', 76),
('007dc43c-28e5-11f0-8782-0242ac140003', '007ca118-28e5-11f0-8782-0242ac140003', 206),
('007dc43c-28e5-11f0-8782-0242ac140003', '007ca131-28e5-11f0-8782-0242ac140003', 749),
('007dc43c-28e5-11f0-8782-0242ac140003', '007ca14e-28e5-11f0-8782-0242ac140003', 216),
('007dc43c-28e5-11f0-8782-0242ac140003', '007ca166-28e5-11f0-8782-0242ac140003', 809),
('007dc43c-28e5-11f0-8782-0242ac140003', '007ca194-28e5-11f0-8782-0242ac140003', 952),
('007dc43c-28e5-11f0-8782-0242ac140003', '007ca1ac-28e5-11f0-8782-0242ac140003', 982),
('007dc43c-28e5-11f0-8782-0242ac140003', '007ca1e5-28e5-11f0-8782-0242ac140003', 409),
('007dc453-28e5-11f0-8782-0242ac140003', '007c9bab-28e5-11f0-8782-0242ac140003', 54),
('007dc453-28e5-11f0-8782-0242ac140003', '007ca0a3-28e5-11f0-8782-0242ac140003', 507),
('007dc453-28e5-11f0-8782-0242ac140003', '007ca0c9-28e5-11f0-8782-0242ac140003', 682),
('007dc453-28e5-11f0-8782-0242ac140003', '007ca0fe-28e5-11f0-8782-0242ac140003', 779),
('007dc453-28e5-11f0-8782-0242ac140003', '007ca118-28e5-11f0-8782-0242ac140003', 603),
('007dc453-28e5-11f0-8782-0242ac140003', '007ca131-28e5-11f0-8782-0242ac140003', 66),
('007dc453-28e5-11f0-8782-0242ac140003', '007ca14e-28e5-11f0-8782-0242ac140003', 618),
('007dc453-28e5-11f0-8782-0242ac140003', '007ca194-28e5-11f0-8782-0242ac140003', 271),
('007dc453-28e5-11f0-8782-0242ac140003', '007ca1ac-28e5-11f0-8782-0242ac140003', 900),
('007dc453-28e5-11f0-8782-0242ac140003', '007ca1c5-28e5-11f0-8782-0242ac140003', 861),
('007dc453-28e5-11f0-8782-0242ac140003', '007ca1e5-28e5-11f0-8782-0242ac140003', 41),
('007dc46a-28e5-11f0-8782-0242ac140003', '007ca0e5-28e5-11f0-8782-0242ac140003', 234),
('007dc46a-28e5-11f0-8782-0242ac140003', '007ca0fe-28e5-11f0-8782-0242ac140003', 269),
('007dc46a-28e5-11f0-8782-0242ac140003', '007ca131-28e5-11f0-8782-0242ac140003', 817),
('007dc46a-28e5-11f0-8782-0242ac140003', '007ca14e-28e5-11f0-8782-0242ac140003', 460),
('007dc46a-28e5-11f0-8782-0242ac140003', '007ca17c-28e5-11f0-8782-0242ac140003', 204),
('007dc46a-28e5-11f0-8782-0242ac140003', '007ca194-28e5-11f0-8782-0242ac140003', 57),
('007dc46a-28e5-11f0-8782-0242ac140003', '007ca1ac-28e5-11f0-8782-0242ac140003', 199),
('007dc46a-28e5-11f0-8782-0242ac140003', '007ca1c5-28e5-11f0-8782-0242ac140003', 516),
('007dc46a-28e5-11f0-8782-0242ac140003', '007ca1e5-28e5-11f0-8782-0242ac140003', 57),
('007dc482-28e5-11f0-8782-0242ac140003', '007c9bab-28e5-11f0-8782-0242ac140003', 698),
('007dc482-28e5-11f0-8782-0242ac140003', '007ca0a3-28e5-11f0-8782-0242ac140003', 81),
('007dc482-28e5-11f0-8782-0242ac140003', '007ca0e5-28e5-11f0-8782-0242ac140003', 491),
('007dc482-28e5-11f0-8782-0242ac140003', '007ca0fe-28e5-11f0-8782-0242ac140003', 750),
('007dc482-28e5-11f0-8782-0242ac140003', '007ca131-28e5-11f0-8782-0242ac140003', 766),
('007dc482-28e5-11f0-8782-0242ac140003', '007ca14e-28e5-11f0-8782-0242ac140003', 785),
('007dc482-28e5-11f0-8782-0242ac140003', '007ca166-28e5-11f0-8782-0242ac140003', 452),
('007dc482-28e5-11f0-8782-0242ac140003', '007ca17c-28e5-11f0-8782-0242ac140003', 858),
('007dc482-28e5-11f0-8782-0242ac140003', '007ca194-28e5-11f0-8782-0242ac140003', 85),
('007dc482-28e5-11f0-8782-0242ac140003', '007ca1c5-28e5-11f0-8782-0242ac140003', 373);

-- --------------------------------------------------------

--
-- Структура таблицы `ProductResources`
--

CREATE TABLE `ProductResources` (
  `ProductId` char(36) CHARACTER SET ascii COLLATE ascii_general_ci NOT NULL,
  `ResourceId` char(36) CHARACTER SET ascii COLLATE ascii_general_ci NOT NULL,
  `Quantity` int NOT NULL
) ENGINE=InnoDB DEFAULT CHARSET=utf8mb4 COLLATE=utf8mb4_0900_ai_ci;

--
-- Дамп данных таблицы `ProductResources`
--

INSERT INTO `ProductResources` (`ProductId`, `ResourceId`, `Quantity`) VALUES
('007f0ff7-28e5-11f0-8782-0242ac140003', '007b8ea1-28e5-11f0-8782-0242ac140003', 8),
('007f0ff7-28e5-11f0-8782-0242ac140003', '007b8ebc-28e5-11f0-8782-0242ac140003', 14),
('007f0ff7-28e5-11f0-8782-0242ac140003', '007b8f0b-28e5-11f0-8782-0242ac140003', 8),
('007f1358-28e5-11f0-8782-0242ac140003', '007b8990-28e5-11f0-8782-0242ac140003', 3),
('007f1358-28e5-11f0-8782-0242ac140003', '007b8dfe-28e5-11f0-8782-0242ac140003', 6),
('007f1358-28e5-11f0-8782-0242ac140003', '007b8e49-28e5-11f0-8782-0242ac140003', 4),
('007f1358-28e5-11f0-8782-0242ac140003', '007b8e85-28e5-11f0-8782-0242ac140003', 11),
('007f1358-28e5-11f0-8782-0242ac140003', '007b8ea1-28e5-11f0-8782-0242ac140003', 19),
('007f1358-28e5-11f0-8782-0242ac140003', '007b8ebc-28e5-11f0-8782-0242ac140003', 8),
('007f1358-28e5-11f0-8782-0242ac140003', '007b8ef2-28e5-11f0-8782-0242ac140003', 13),
('007f1358-28e5-11f0-8782-0242ac140003', '007b8f0b-28e5-11f0-8782-0242ac140003', 14),
('007f144e-28e5-11f0-8782-0242ac140003', '007b8990-28e5-11f0-8782-0242ac140003', 1),
('007f144e-28e5-11f0-8782-0242ac140003', '007b8dfe-28e5-11f0-8782-0242ac140003', 8),
('007f144e-28e5-11f0-8782-0242ac140003', '007b8e49-28e5-11f0-8782-0242ac140003', 7),
('007f144e-28e5-11f0-8782-0242ac140003', '007b8e85-28e5-11f0-8782-0242ac140003', 13),
('007f144e-28e5-11f0-8782-0242ac140003', '007b8ea1-28e5-11f0-8782-0242ac140003', 16),
('007f144e-28e5-11f0-8782-0242ac140003', '007b8ebc-28e5-11f0-8782-0242ac140003', 13),
('007f144e-28e5-11f0-8782-0242ac140003', '007b8ed4-28e5-11f0-8782-0242ac140003', 17),
('007f144e-28e5-11f0-8782-0242ac140003', '007b8ef2-28e5-11f0-8782-0242ac140003', 17),
('007f144e-28e5-11f0-8782-0242ac140003', '007b8f0b-28e5-11f0-8782-0242ac140003', 13),
('007f1479-28e5-11f0-8782-0242ac140003', '007b8dfe-28e5-11f0-8782-0242ac140003', 6),
('007f1479-28e5-11f0-8782-0242ac140003', '007b8e49-28e5-11f0-8782-0242ac140003', 3),
('007f1479-28e5-11f0-8782-0242ac140003', '007b8e85-28e5-11f0-8782-0242ac140003', 12),
('007f1479-28e5-11f0-8782-0242ac140003', '007b8ea1-28e5-11f0-8782-0242ac140003', 7),
('007f1479-28e5-11f0-8782-0242ac140003', '007b8ebc-28e5-11f0-8782-0242ac140003', 13),
('007f1479-28e5-11f0-8782-0242ac140003', '007b8ed4-28e5-11f0-8782-0242ac140003', 16),
('007f1495-28e5-11f0-8782-0242ac140003', '007b8e85-28e5-11f0-8782-0242ac140003', 10),
('007f1495-28e5-11f0-8782-0242ac140003', '007b8ebc-28e5-11f0-8782-0242ac140003', 1),
('007f1495-28e5-11f0-8782-0242ac140003', '007b8ed4-28e5-11f0-8782-0242ac140003', 17),
('007f1495-28e5-11f0-8782-0242ac140003', '007b8ef2-28e5-11f0-8782-0242ac140003', 14),
('007f14b3-28e5-11f0-8782-0242ac140003', '007b8990-28e5-11f0-8782-0242ac140003', 3),
('007f14b3-28e5-11f0-8782-0242ac140003', '007b8dfe-28e5-11f0-8782-0242ac140003', 3),
('007f14b3-28e5-11f0-8782-0242ac140003', '007b8e69-28e5-11f0-8782-0242ac140003', 1),
('007f14b3-28e5-11f0-8782-0242ac140003', '007b8e85-28e5-11f0-8782-0242ac140003', 11),
('007f14b3-28e5-11f0-8782-0242ac140003', '007b8ea1-28e5-11f0-8782-0242ac140003', 6),
('007f14b3-28e5-11f0-8782-0242ac140003', '007b8ebc-28e5-11f0-8782-0242ac140003', 13),
('007f14b3-28e5-11f0-8782-0242ac140003', '007b8f0b-28e5-11f0-8782-0242ac140003', 10),
('007f14cd-28e5-11f0-8782-0242ac140003', '007b8dfe-28e5-11f0-8782-0242ac140003', 10),
('007f14cd-28e5-11f0-8782-0242ac140003', '007b8e69-28e5-11f0-8782-0242ac140003', 3),
('007f14cd-28e5-11f0-8782-0242ac140003', '007b8ebc-28e5-11f0-8782-0242ac140003', 5),
('007f14cd-28e5-11f0-8782-0242ac140003', '007b8ed4-28e5-11f0-8782-0242ac140003', 19),
('007f14cd-28e5-11f0-8782-0242ac140003', '007b8ef2-28e5-11f0-8782-0242ac140003', 6),
('007f14e4-28e5-11f0-8782-0242ac140003', '007b8990-28e5-11f0-8782-0242ac140003', 3),
('007f14e4-28e5-11f0-8782-0242ac140003', '007b8e49-28e5-11f0-8782-0242ac140003', 5),
('007f14e4-28e5-11f0-8782-0242ac140003', '007b8e85-28e5-11f0-8782-0242ac140003', 13),
('007f14e4-28e5-11f0-8782-0242ac140003', '007b8ea1-28e5-11f0-8782-0242ac140003', 10),
('007f14e4-28e5-11f0-8782-0242ac140003', '007b8ef2-28e5-11f0-8782-0242ac140003', 14),
('007f14e4-28e5-11f0-8782-0242ac140003', '007b8f0b-28e5-11f0-8782-0242ac140003', 4),
('007f1504-28e5-11f0-8782-0242ac140003', '007b8990-28e5-11f0-8782-0242ac140003', 5),
('007f1504-28e5-11f0-8782-0242ac140003', '007b8e49-28e5-11f0-8782-0242ac140003', 5),
('007f1504-28e5-11f0-8782-0242ac140003', '007b8ed4-28e5-11f0-8782-0242ac140003', 13),
('007f1504-28e5-11f0-8782-0242ac140003', '007b8f0b-28e5-11f0-8782-0242ac140003', 16),
('007f151c-28e5-11f0-8782-0242ac140003', '007b8e49-28e5-11f0-8782-0242ac140003', 3),
('007f151c-28e5-11f0-8782-0242ac140003', '007b8e69-28e5-11f0-8782-0242ac140003', 1),
('007f151c-28e5-11f0-8782-0242ac140003', '007b8e85-28e5-11f0-8782-0242ac140003', 18),
('007f151c-28e5-11f0-8782-0242ac140003', '007b8ef2-28e5-11f0-8782-0242ac140003', 3),
('007f1535-28e5-11f0-8782-0242ac140003', '007b8990-28e5-11f0-8782-0242ac140003', 4),
('007f1535-28e5-11f0-8782-0242ac140003', '007b8e85-28e5-11f0-8782-0242ac140003', 16),
('007f1535-28e5-11f0-8782-0242ac140003', '007b8ef2-28e5-11f0-8782-0242ac140003', 3),
('007f1535-28e5-11f0-8782-0242ac140003', '007b8f0b-28e5-11f0-8782-0242ac140003', 2),
('007f154e-28e5-11f0-8782-0242ac140003', '007b8990-28e5-11f0-8782-0242ac140003', 5),
('007f154e-28e5-11f0-8782-0242ac140003', '007b8dfe-28e5-11f0-8782-0242ac140003', 1),
('007f154e-28e5-11f0-8782-0242ac140003', '007b8e49-28e5-11f0-8782-0242ac140003', 6),
('007f154e-28e5-11f0-8782-0242ac140003', '007b8e69-28e5-11f0-8782-0242ac140003', 1),
('007f154e-28e5-11f0-8782-0242ac140003', '007b8e85-28e5-11f0-8782-0242ac140003', 6),
('007f1566-28e5-11f0-8782-0242ac140003', '007b8990-28e5-11f0-8782-0242ac140003', 4),
('007f1566-28e5-11f0-8782-0242ac140003', '007b8e85-28e5-11f0-8782-0242ac140003', 16),
('007f1566-28e5-11f0-8782-0242ac140003', '007b8ea1-28e5-11f0-8782-0242ac140003', 8),
('007f1566-28e5-11f0-8782-0242ac140003', '007b8ebc-28e5-11f0-8782-0242ac140003', 18),
('007f1566-28e5-11f0-8782-0242ac140003', '007b8ed4-28e5-11f0-8782-0242ac140003', 16),
('007f1566-28e5-11f0-8782-0242ac140003', '007b8ef2-28e5-11f0-8782-0242ac140003', 18),
('007f1566-28e5-11f0-8782-0242ac140003', '007b8f0b-28e5-11f0-8782-0242ac140003', 19),
('007f157f-28e5-11f0-8782-0242ac140003', '007b8990-28e5-11f0-8782-0242ac140003', 2),
('007f157f-28e5-11f0-8782-0242ac140003', '007b8dfe-28e5-11f0-8782-0242ac140003', 4),
('007f157f-28e5-11f0-8782-0242ac140003', '007b8e49-28e5-11f0-8782-0242ac140003', 4),
('007f157f-28e5-11f0-8782-0242ac140003', '007b8e69-28e5-11f0-8782-0242ac140003', 2),
('007f157f-28e5-11f0-8782-0242ac140003', '007b8ed4-28e5-11f0-8782-0242ac140003', 17),
('007f157f-28e5-11f0-8782-0242ac140003', '007b8f0b-28e5-11f0-8782-0242ac140003', 15),
('007f15a0-28e5-11f0-8782-0242ac140003', '007b8dfe-28e5-11f0-8782-0242ac140003', 10),
('007f15a0-28e5-11f0-8782-0242ac140003', '007b8e49-28e5-11f0-8782-0242ac140003', 4),
('007f15a0-28e5-11f0-8782-0242ac140003', '007b8e69-28e5-11f0-8782-0242ac140003', 2),
('007f15a0-28e5-11f0-8782-0242ac140003', '007b8ea1-28e5-11f0-8782-0242ac140003', 4),
('007f15a0-28e5-11f0-8782-0242ac140003', '007b8ed4-28e5-11f0-8782-0242ac140003', 16),
('007f15a0-28e5-11f0-8782-0242ac140003', '007b8f0b-28e5-11f0-8782-0242ac140003', 4),
('007f15b9-28e5-11f0-8782-0242ac140003', '007b8dfe-28e5-11f0-8782-0242ac140003', 1),
('007f15b9-28e5-11f0-8782-0242ac140003', '007b8e49-28e5-11f0-8782-0242ac140003', 3),
('007f15b9-28e5-11f0-8782-0242ac140003', '007b8e85-28e5-11f0-8782-0242ac140003', 13),
('007f15b9-28e5-11f0-8782-0242ac140003', '007b8ebc-28e5-11f0-8782-0242ac140003', 6),
('007f15d0-28e5-11f0-8782-0242ac140003', '007b8990-28e5-11f0-8782-0242ac140003', 2),
('007f15d0-28e5-11f0-8782-0242ac140003', '007b8dfe-28e5-11f0-8782-0242ac140003', 8),
('007f15d0-28e5-11f0-8782-0242ac140003', '007b8e49-28e5-11f0-8782-0242ac140003', 4),
('007f15d0-28e5-11f0-8782-0242ac140003', '007b8e69-28e5-11f0-8782-0242ac140003', 1),
('007f15d0-28e5-11f0-8782-0242ac140003', '007b8e85-28e5-11f0-8782-0242ac140003', 6),
('007f15d0-28e5-11f0-8782-0242ac140003', '007b8f0b-28e5-11f0-8782-0242ac140003', 8),
('007f15e9-28e5-11f0-8782-0242ac140003', '007b8990-28e5-11f0-8782-0242ac140003', 5),
('007f15e9-28e5-11f0-8782-0242ac140003', '007b8dfe-28e5-11f0-8782-0242ac140003', 10),
('007f15e9-28e5-11f0-8782-0242ac140003', '007b8e49-28e5-11f0-8782-0242ac140003', 3),
('007f15e9-28e5-11f0-8782-0242ac140003', '007b8e69-28e5-11f0-8782-0242ac140003', 3),
('007f15e9-28e5-11f0-8782-0242ac140003', '007b8ed4-28e5-11f0-8782-0242ac140003', 17),
('007f15e9-28e5-11f0-8782-0242ac140003', '007b8ef2-28e5-11f0-8782-0242ac140003', 11),
('007f15e9-28e5-11f0-8782-0242ac140003', '007b8f0b-28e5-11f0-8782-0242ac140003', 3),
('007f1601-28e5-11f0-8782-0242ac140003', '007b8990-28e5-11f0-8782-0242ac140003', 4),
('007f1601-28e5-11f0-8782-0242ac140003', '007b8e49-28e5-11f0-8782-0242ac140003', 1),
('007f1601-28e5-11f0-8782-0242ac140003', '007b8e85-28e5-11f0-8782-0242ac140003', 18),
('007f1601-28e5-11f0-8782-0242ac140003', '007b8ea1-28e5-11f0-8782-0242ac140003', 5),
('007f1601-28e5-11f0-8782-0242ac140003', '007b8f0b-28e5-11f0-8782-0242ac140003', 20),
('007f1619-28e5-11f0-8782-0242ac140003', '007b8990-28e5-11f0-8782-0242ac140003', 5),
('007f1619-28e5-11f0-8782-0242ac140003', '007b8e85-28e5-11f0-8782-0242ac140003', 19),
('007f1619-28e5-11f0-8782-0242ac140003', '007b8ef2-28e5-11f0-8782-0242ac140003', 4),
('007f1619-28e5-11f0-8782-0242ac140003', '007b8f0b-28e5-11f0-8782-0242ac140003', 3),
('007f1633-28e5-11f0-8782-0242ac140003', '007b8dfe-28e5-11f0-8782-0242ac140003', 3),
('007f1633-28e5-11f0-8782-0242ac140003', '007b8e69-28e5-11f0-8782-0242ac140003', 1),
('007f1633-28e5-11f0-8782-0242ac140003', '007b8e85-28e5-11f0-8782-0242ac140003', 12),
('007f1633-28e5-11f0-8782-0242ac140003', '007b8ed4-28e5-11f0-8782-0242ac140003', 8),
('007f164b-28e5-11f0-8782-0242ac140003', '007b8990-28e5-11f0-8782-0242ac140003', 3),
('007f164b-28e5-11f0-8782-0242ac140003', '007b8dfe-28e5-11f0-8782-0242ac140003', 4),
('007f164b-28e5-11f0-8782-0242ac140003', '007b8e69-28e5-11f0-8782-0242ac140003', 1),
('007f164b-28e5-11f0-8782-0242ac140003', '007b8e85-28e5-11f0-8782-0242ac140003', 14),
('007f164b-28e5-11f0-8782-0242ac140003', '007b8ebc-28e5-11f0-8782-0242ac140003', 17),
('007f164b-28e5-11f0-8782-0242ac140003', '007b8ed4-28e5-11f0-8782-0242ac140003', 16),
('007f164b-28e5-11f0-8782-0242ac140003', '007b8ef2-28e5-11f0-8782-0242ac140003', 2),
('007f164b-28e5-11f0-8782-0242ac140003', '007b8f0b-28e5-11f0-8782-0242ac140003', 6),
('007f1662-28e5-11f0-8782-0242ac140003', '007b8990-28e5-11f0-8782-0242ac140003', 3),
('007f1662-28e5-11f0-8782-0242ac140003', '007b8dfe-28e5-11f0-8782-0242ac140003', 8),
('007f1662-28e5-11f0-8782-0242ac140003', '007b8e85-28e5-11f0-8782-0242ac140003', 11),
('007f1662-28e5-11f0-8782-0242ac140003', '007b8ed4-28e5-11f0-8782-0242ac140003', 13),
('007f1662-28e5-11f0-8782-0242ac140003', '007b8ef2-28e5-11f0-8782-0242ac140003', 20),
('007f1679-28e5-11f0-8782-0242ac140003', '007b8e49-28e5-11f0-8782-0242ac140003', 4),
('007f1679-28e5-11f0-8782-0242ac140003', '007b8e69-28e5-11f0-8782-0242ac140003', 2),
('007f1679-28e5-11f0-8782-0242ac140003', '007b8e85-28e5-11f0-8782-0242ac140003', 6),
('007f1691-28e5-11f0-8782-0242ac140003', '007b8990-28e5-11f0-8782-0242ac140003', 3),
('007f1691-28e5-11f0-8782-0242ac140003', '007b8ea1-28e5-11f0-8782-0242ac140003', 9),
('007f1691-28e5-11f0-8782-0242ac140003', '007b8ed4-28e5-11f0-8782-0242ac140003', 4),
('007f1691-28e5-11f0-8782-0242ac140003', '007b8ef2-28e5-11f0-8782-0242ac140003', 20),
('007f1691-28e5-11f0-8782-0242ac140003', '007b8f0b-28e5-11f0-8782-0242ac140003', 5);

-- --------------------------------------------------------

--
-- Структура таблицы `Products`
--

CREATE TABLE `Products` (
  `Id` char(36) CHARACTER SET ascii COLLATE ascii_general_ci NOT NULL,
  `Title` varchar(100) CHARACTER SET utf8mb4 COLLATE utf8mb4_0900_ai_ci NOT NULL,
  `Cost` float NOT NULL
) ENGINE=InnoDB DEFAULT CHARSET=utf8mb4 COLLATE=utf8mb4_0900_ai_ci;

--
-- Дамп данных таблицы `Products`
--

INSERT INTO `Products` (`Id`, `Title`, `Cost`) VALUES
('007f0ff7-28e5-11f0-8782-0242ac140003', 'Стол деревянный', 4),
('007f1358-28e5-11f0-8782-0242ac140003', 'Стул офисный', 2),
('007f144e-28e5-11f0-8782-0242ac140003', 'Шкаф книжный', 8),
('007f1479-28e5-11f0-8782-0242ac140003', 'Диван угловой', 3),
('007f1495-28e5-11f0-8782-0242ac140003', 'Кровать односпальная', 12),
('007f14b3-28e5-11f0-8782-0242ac140003', 'Тумба прикроватная', 3),
('007f14cd-28e5-11f0-8782-0242ac140003', 'Комод 4-х ящичный', 6),
('007f14e4-28e5-11f0-8782-0242ac140003', 'Стеллаж металлический', 7),
('007f1504-28e5-11f0-8782-0242ac140003', 'Зеркало напольное', 5),
('007f151c-28e5-11f0-8782-0242ac140003', 'Журнальный столик', 4),
('007f1535-28e5-11f0-8782-0242ac140003', 'Кресло офисное', 5),
('007f154e-28e5-11f0-8782-0242ac140003', 'Пуф круглый', 2),
('007f1566-28e5-11f0-8782-0242ac140003', 'Вешалка напольная', 15),
('007f157f-28e5-11f0-8782-0242ac140003', 'Полка настенная', 18),
('007f15a0-28e5-11f0-8782-0242ac140003', 'Стол компьютерный', 7),
('007f15b9-28e5-11f0-8782-0242ac140003', 'Стул барный', 3),
('007f15d0-28e5-11f0-8782-0242ac140003', 'Шкаф купе 2-х створчатый', 25),
('007f15e9-28e5-11f0-8782-0242ac140003', 'Тумба ТВ', 9),
('007f1601-28e5-11f0-8782-0242ac140003', 'Кресло качалка', 8),
('007f1619-28e5-11f0-8782-0242ac140003', 'Стол обеденный', 15),
('007f1633-28e5-11f0-8782-0242ac140003', 'Стул обеденный', 2),
('007f164b-28e5-11f0-8782-0242ac140003', 'Буфет', 18),
('007f1662-28e5-11f0-8782-0242ac140003', 'Секретер', 12),
('007f1679-28e5-11f0-8782-0242ac140003', 'Этажерка', 3),
('007f1691-28e5-11f0-8782-0242ac140003', 'Подставка для цветов', 2);

-- --------------------------------------------------------

--
-- Структура таблицы `ProductWarehouses`
--

CREATE TABLE `ProductWarehouses` (
  `ProductId` char(36) CHARACTER SET ascii COLLATE ascii_general_ci NOT NULL,
  `WarehouseId` char(36) CHARACTER SET ascii COLLATE ascii_general_ci NOT NULL,
  `Quantity` int NOT NULL
) ENGINE=InnoDB DEFAULT CHARSET=utf8mb4 COLLATE=utf8mb4_0900_ai_ci;

--
-- Дамп данных таблицы `ProductWarehouses`
--

INSERT INTO `ProductWarehouses` (`ProductId`, `WarehouseId`, `Quantity`) VALUES
('007f0ff7-28e5-11f0-8782-0242ac140003', '007c9bab-28e5-11f0-8782-0242ac140003', 58),
('007f0ff7-28e5-11f0-8782-0242ac140003', '007ca0a3-28e5-11f0-8782-0242ac140003', 26),
('007f0ff7-28e5-11f0-8782-0242ac140003', '007ca0c9-28e5-11f0-8782-0242ac140003', 71),
('007f0ff7-28e5-11f0-8782-0242ac140003', '007ca0e5-28e5-11f0-8782-0242ac140003', 21),
('007f0ff7-28e5-11f0-8782-0242ac140003', '007ca0fe-28e5-11f0-8782-0242ac140003', 44),
('007f0ff7-28e5-11f0-8782-0242ac140003', '007ca131-28e5-11f0-8782-0242ac140003', 71),
('007f0ff7-28e5-11f0-8782-0242ac140003', '007ca166-28e5-11f0-8782-0242ac140003', 28),
('007f0ff7-28e5-11f0-8782-0242ac140003', '007ca17c-28e5-11f0-8782-0242ac140003', 75),
('007f0ff7-28e5-11f0-8782-0242ac140003', '007ca194-28e5-11f0-8782-0242ac140003', 6),
('007f0ff7-28e5-11f0-8782-0242ac140003', '007ca1ac-28e5-11f0-8782-0242ac140003', 78),
('007f1358-28e5-11f0-8782-0242ac140003', '007c9bab-28e5-11f0-8782-0242ac140003', 95),
('007f1358-28e5-11f0-8782-0242ac140003', '007c9fc9-28e5-11f0-8782-0242ac140003', 8),
('007f1358-28e5-11f0-8782-0242ac140003', '007ca0a3-28e5-11f0-8782-0242ac140003', 80),
('007f1358-28e5-11f0-8782-0242ac140003', '007ca0c9-28e5-11f0-8782-0242ac140003', 53),
('007f1358-28e5-11f0-8782-0242ac140003', '007ca0fe-28e5-11f0-8782-0242ac140003', 64),
('007f1358-28e5-11f0-8782-0242ac140003', '007ca14e-28e5-11f0-8782-0242ac140003', 72),
('007f1358-28e5-11f0-8782-0242ac140003', '007ca166-28e5-11f0-8782-0242ac140003', 14),
('007f1358-28e5-11f0-8782-0242ac140003', '007ca1ac-28e5-11f0-8782-0242ac140003', 93),
('007f1358-28e5-11f0-8782-0242ac140003', '007ca1c5-28e5-11f0-8782-0242ac140003', 50),
('007f1358-28e5-11f0-8782-0242ac140003', '007ca1e5-28e5-11f0-8782-0242ac140003', 80),
('007f144e-28e5-11f0-8782-0242ac140003', '007c9bab-28e5-11f0-8782-0242ac140003', 74),
('007f144e-28e5-11f0-8782-0242ac140003', '007ca0a3-28e5-11f0-8782-0242ac140003', 43),
('007f144e-28e5-11f0-8782-0242ac140003', '007ca0c9-28e5-11f0-8782-0242ac140003', 94),
('007f144e-28e5-11f0-8782-0242ac140003', '007ca0fe-28e5-11f0-8782-0242ac140003', 31),
('007f144e-28e5-11f0-8782-0242ac140003', '007ca131-28e5-11f0-8782-0242ac140003', 70),
('007f144e-28e5-11f0-8782-0242ac140003', '007ca1ac-28e5-11f0-8782-0242ac140003', 7),
('007f144e-28e5-11f0-8782-0242ac140003', '007ca1e5-28e5-11f0-8782-0242ac140003', 92),
('007f1479-28e5-11f0-8782-0242ac140003', '007c9bab-28e5-11f0-8782-0242ac140003', 103),
('007f1479-28e5-11f0-8782-0242ac140003', '007ca0a3-28e5-11f0-8782-0242ac140003', 96),
('007f1479-28e5-11f0-8782-0242ac140003', '007ca0c9-28e5-11f0-8782-0242ac140003', 40),
('007f1479-28e5-11f0-8782-0242ac140003', '007ca118-28e5-11f0-8782-0242ac140003', 27),
('007f1479-28e5-11f0-8782-0242ac140003', '007ca131-28e5-11f0-8782-0242ac140003', 20),
('007f1479-28e5-11f0-8782-0242ac140003', '007ca17c-28e5-11f0-8782-0242ac140003', 53),
('007f1479-28e5-11f0-8782-0242ac140003', '007ca1ac-28e5-11f0-8782-0242ac140003', 67),
('007f1479-28e5-11f0-8782-0242ac140003', '007ca1e5-28e5-11f0-8782-0242ac140003', 27),
('007f1495-28e5-11f0-8782-0242ac140003', '007c9bab-28e5-11f0-8782-0242ac140003', 11),
('007f1495-28e5-11f0-8782-0242ac140003', '007c9fc9-28e5-11f0-8782-0242ac140003', 37),
('007f1495-28e5-11f0-8782-0242ac140003', '007ca0a3-28e5-11f0-8782-0242ac140003', 39),
('007f1495-28e5-11f0-8782-0242ac140003', '007ca0e5-28e5-11f0-8782-0242ac140003', 52),
('007f1495-28e5-11f0-8782-0242ac140003', '007ca0fe-28e5-11f0-8782-0242ac140003', 14),
('007f1495-28e5-11f0-8782-0242ac140003', '007ca118-28e5-11f0-8782-0242ac140003', 19),
('007f1495-28e5-11f0-8782-0242ac140003', '007ca131-28e5-11f0-8782-0242ac140003', 79),
('007f1495-28e5-11f0-8782-0242ac140003', '007ca166-28e5-11f0-8782-0242ac140003', 17),
('007f1495-28e5-11f0-8782-0242ac140003', '007ca17c-28e5-11f0-8782-0242ac140003', 98),
('007f1495-28e5-11f0-8782-0242ac140003', '007ca1ac-28e5-11f0-8782-0242ac140003', 29),
('007f1495-28e5-11f0-8782-0242ac140003', '007ca1c5-28e5-11f0-8782-0242ac140003', 63),
('007f1495-28e5-11f0-8782-0242ac140003', '007ca1e5-28e5-11f0-8782-0242ac140003', 91),
('007f14b3-28e5-11f0-8782-0242ac140003', '007ca0a3-28e5-11f0-8782-0242ac140003', 60),
('007f14b3-28e5-11f0-8782-0242ac140003', '007ca0c9-28e5-11f0-8782-0242ac140003', 36),
('007f14b3-28e5-11f0-8782-0242ac140003', '007ca0e5-28e5-11f0-8782-0242ac140003', 42),
('007f14b3-28e5-11f0-8782-0242ac140003', '007ca0fe-28e5-11f0-8782-0242ac140003', 35),
('007f14b3-28e5-11f0-8782-0242ac140003', '007ca166-28e5-11f0-8782-0242ac140003', 71),
('007f14b3-28e5-11f0-8782-0242ac140003', '007ca17c-28e5-11f0-8782-0242ac140003', 25),
('007f14b3-28e5-11f0-8782-0242ac140003', '007ca194-28e5-11f0-8782-0242ac140003', 62),
('007f14b3-28e5-11f0-8782-0242ac140003', '007ca1ac-28e5-11f0-8782-0242ac140003', 46),
('007f14b3-28e5-11f0-8782-0242ac140003', '007ca1c5-28e5-11f0-8782-0242ac140003', 7),
('007f14cd-28e5-11f0-8782-0242ac140003', '007ca0a3-28e5-11f0-8782-0242ac140003', 65),
('007f14cd-28e5-11f0-8782-0242ac140003', '007ca0c9-28e5-11f0-8782-0242ac140003', 56),
('007f14cd-28e5-11f0-8782-0242ac140003', '007ca118-28e5-11f0-8782-0242ac140003', 46),
('007f14cd-28e5-11f0-8782-0242ac140003', '007ca131-28e5-11f0-8782-0242ac140003', 37),
('007f14cd-28e5-11f0-8782-0242ac140003', '007ca14e-28e5-11f0-8782-0242ac140003', 57),
('007f14cd-28e5-11f0-8782-0242ac140003', '007ca166-28e5-11f0-8782-0242ac140003', 12),
('007f14cd-28e5-11f0-8782-0242ac140003', '007ca194-28e5-11f0-8782-0242ac140003', 101),
('007f14cd-28e5-11f0-8782-0242ac140003', '007ca1ac-28e5-11f0-8782-0242ac140003', 49),
('007f14cd-28e5-11f0-8782-0242ac140003', '007ca1e5-28e5-11f0-8782-0242ac140003', 38),
('007f14e4-28e5-11f0-8782-0242ac140003', '007ca0a3-28e5-11f0-8782-0242ac140003', 16),
('007f14e4-28e5-11f0-8782-0242ac140003', '007ca0e5-28e5-11f0-8782-0242ac140003', 83),
('007f14e4-28e5-11f0-8782-0242ac140003', '007ca0fe-28e5-11f0-8782-0242ac140003', 78),
('007f14e4-28e5-11f0-8782-0242ac140003', '007ca118-28e5-11f0-8782-0242ac140003', 85),
('007f14e4-28e5-11f0-8782-0242ac140003', '007ca17c-28e5-11f0-8782-0242ac140003', 71),
('007f14e4-28e5-11f0-8782-0242ac140003', '007ca194-28e5-11f0-8782-0242ac140003', 15),
('007f14e4-28e5-11f0-8782-0242ac140003', '007ca1ac-28e5-11f0-8782-0242ac140003', 52),
('007f14e4-28e5-11f0-8782-0242ac140003', '007ca1e5-28e5-11f0-8782-0242ac140003', 44),
('007f1504-28e5-11f0-8782-0242ac140003', '007c9fc9-28e5-11f0-8782-0242ac140003', 33),
('007f1504-28e5-11f0-8782-0242ac140003', '007ca118-28e5-11f0-8782-0242ac140003', 49),
('007f1504-28e5-11f0-8782-0242ac140003', '007ca14e-28e5-11f0-8782-0242ac140003', 84),
('007f1504-28e5-11f0-8782-0242ac140003', '007ca166-28e5-11f0-8782-0242ac140003', 101),
('007f1504-28e5-11f0-8782-0242ac140003', '007ca1ac-28e5-11f0-8782-0242ac140003', 92),
('007f1504-28e5-11f0-8782-0242ac140003', '007ca1c5-28e5-11f0-8782-0242ac140003', 68),
('007f1504-28e5-11f0-8782-0242ac140003', '007ca1e5-28e5-11f0-8782-0242ac140003', 52),
('007f151c-28e5-11f0-8782-0242ac140003', '007c9bab-28e5-11f0-8782-0242ac140003', 83),
('007f151c-28e5-11f0-8782-0242ac140003', '007ca0c9-28e5-11f0-8782-0242ac140003', 63),
('007f151c-28e5-11f0-8782-0242ac140003', '007ca0e5-28e5-11f0-8782-0242ac140003', 77),
('007f151c-28e5-11f0-8782-0242ac140003', '007ca131-28e5-11f0-8782-0242ac140003', 89),
('007f151c-28e5-11f0-8782-0242ac140003', '007ca166-28e5-11f0-8782-0242ac140003', 23),
('007f151c-28e5-11f0-8782-0242ac140003', '007ca17c-28e5-11f0-8782-0242ac140003', 38),
('007f151c-28e5-11f0-8782-0242ac140003', '007ca194-28e5-11f0-8782-0242ac140003', 83),
('007f151c-28e5-11f0-8782-0242ac140003', '007ca1ac-28e5-11f0-8782-0242ac140003', 34),
('007f151c-28e5-11f0-8782-0242ac140003', '007ca1e5-28e5-11f0-8782-0242ac140003', 64),
('007f1535-28e5-11f0-8782-0242ac140003', '007c9bab-28e5-11f0-8782-0242ac140003', 22),
('007f1535-28e5-11f0-8782-0242ac140003', '007c9fc9-28e5-11f0-8782-0242ac140003', 30),
('007f1535-28e5-11f0-8782-0242ac140003', '007ca0a3-28e5-11f0-8782-0242ac140003', 57),
('007f1535-28e5-11f0-8782-0242ac140003', '007ca0c9-28e5-11f0-8782-0242ac140003', 101),
('007f1535-28e5-11f0-8782-0242ac140003', '007ca0e5-28e5-11f0-8782-0242ac140003', 47),
('007f1535-28e5-11f0-8782-0242ac140003', '007ca14e-28e5-11f0-8782-0242ac140003', 17),
('007f1535-28e5-11f0-8782-0242ac140003', '007ca17c-28e5-11f0-8782-0242ac140003', 10),
('007f1535-28e5-11f0-8782-0242ac140003', '007ca1ac-28e5-11f0-8782-0242ac140003', 34),
('007f1535-28e5-11f0-8782-0242ac140003', '007ca1e5-28e5-11f0-8782-0242ac140003', 18),
('007f154e-28e5-11f0-8782-0242ac140003', '007ca0c9-28e5-11f0-8782-0242ac140003', 57),
('007f154e-28e5-11f0-8782-0242ac140003', '007ca0e5-28e5-11f0-8782-0242ac140003', 31),
('007f154e-28e5-11f0-8782-0242ac140003', '007ca0fe-28e5-11f0-8782-0242ac140003', 98),
('007f154e-28e5-11f0-8782-0242ac140003', '007ca118-28e5-11f0-8782-0242ac140003', 99),
('007f154e-28e5-11f0-8782-0242ac140003', '007ca131-28e5-11f0-8782-0242ac140003', 72),
('007f154e-28e5-11f0-8782-0242ac140003', '007ca14e-28e5-11f0-8782-0242ac140003', 37),
('007f154e-28e5-11f0-8782-0242ac140003', '007ca194-28e5-11f0-8782-0242ac140003', 20),
('007f154e-28e5-11f0-8782-0242ac140003', '007ca1ac-28e5-11f0-8782-0242ac140003', 18),
('007f154e-28e5-11f0-8782-0242ac140003', '007ca1c5-28e5-11f0-8782-0242ac140003', 53),
('007f154e-28e5-11f0-8782-0242ac140003', '007ca1e5-28e5-11f0-8782-0242ac140003', 5),
('007f1566-28e5-11f0-8782-0242ac140003', '007c9fc9-28e5-11f0-8782-0242ac140003', 45),
('007f1566-28e5-11f0-8782-0242ac140003', '007ca0a3-28e5-11f0-8782-0242ac140003', 94),
('007f1566-28e5-11f0-8782-0242ac140003', '007ca0c9-28e5-11f0-8782-0242ac140003', 100),
('007f1566-28e5-11f0-8782-0242ac140003', '007ca0e5-28e5-11f0-8782-0242ac140003', 52),
('007f1566-28e5-11f0-8782-0242ac140003', '007ca0fe-28e5-11f0-8782-0242ac140003', 38),
('007f1566-28e5-11f0-8782-0242ac140003', '007ca166-28e5-11f0-8782-0242ac140003', 27),
('007f1566-28e5-11f0-8782-0242ac140003', '007ca17c-28e5-11f0-8782-0242ac140003', 55),
('007f1566-28e5-11f0-8782-0242ac140003', '007ca1ac-28e5-11f0-8782-0242ac140003', 44),
('007f1566-28e5-11f0-8782-0242ac140003', '007ca1e5-28e5-11f0-8782-0242ac140003', 22),
('007f157f-28e5-11f0-8782-0242ac140003', '007c9bab-28e5-11f0-8782-0242ac140003', 102),
('007f157f-28e5-11f0-8782-0242ac140003', '007ca0a3-28e5-11f0-8782-0242ac140003', 45),
('007f157f-28e5-11f0-8782-0242ac140003', '007ca0e5-28e5-11f0-8782-0242ac140003', 26),
('007f157f-28e5-11f0-8782-0242ac140003', '007ca0fe-28e5-11f0-8782-0242ac140003', 94),
('007f157f-28e5-11f0-8782-0242ac140003', '007ca14e-28e5-11f0-8782-0242ac140003', 43),
('007f157f-28e5-11f0-8782-0242ac140003', '007ca166-28e5-11f0-8782-0242ac140003', 97),
('007f157f-28e5-11f0-8782-0242ac140003', '007ca17c-28e5-11f0-8782-0242ac140003', 7),
('007f157f-28e5-11f0-8782-0242ac140003', '007ca194-28e5-11f0-8782-0242ac140003', 23),
('007f157f-28e5-11f0-8782-0242ac140003', '007ca1c5-28e5-11f0-8782-0242ac140003', 65),
('007f15a0-28e5-11f0-8782-0242ac140003', '007c9fc9-28e5-11f0-8782-0242ac140003', 56),
('007f15a0-28e5-11f0-8782-0242ac140003', '007ca0a3-28e5-11f0-8782-0242ac140003', 93),
('007f15a0-28e5-11f0-8782-0242ac140003', '007ca0c9-28e5-11f0-8782-0242ac140003', 18),
('007f15a0-28e5-11f0-8782-0242ac140003', '007ca0e5-28e5-11f0-8782-0242ac140003', 23),
('007f15a0-28e5-11f0-8782-0242ac140003', '007ca0fe-28e5-11f0-8782-0242ac140003', 9),
('007f15a0-28e5-11f0-8782-0242ac140003', '007ca118-28e5-11f0-8782-0242ac140003', 102),
('007f15a0-28e5-11f0-8782-0242ac140003', '007ca131-28e5-11f0-8782-0242ac140003', 76),
('007f15a0-28e5-11f0-8782-0242ac140003', '007ca14e-28e5-11f0-8782-0242ac140003', 88),
('007f15a0-28e5-11f0-8782-0242ac140003', '007ca17c-28e5-11f0-8782-0242ac140003', 73),
('007f15a0-28e5-11f0-8782-0242ac140003', '007ca194-28e5-11f0-8782-0242ac140003', 23),
('007f15a0-28e5-11f0-8782-0242ac140003', '007ca1c5-28e5-11f0-8782-0242ac140003', 71),
('007f15b9-28e5-11f0-8782-0242ac140003', '007c9bab-28e5-11f0-8782-0242ac140003', 11),
('007f15b9-28e5-11f0-8782-0242ac140003', '007ca0a3-28e5-11f0-8782-0242ac140003', 56),
('007f15b9-28e5-11f0-8782-0242ac140003', '007ca0c9-28e5-11f0-8782-0242ac140003', 18),
('007f15b9-28e5-11f0-8782-0242ac140003', '007ca0e5-28e5-11f0-8782-0242ac140003', 6),
('007f15b9-28e5-11f0-8782-0242ac140003', '007ca131-28e5-11f0-8782-0242ac140003', 95),
('007f15b9-28e5-11f0-8782-0242ac140003', '007ca14e-28e5-11f0-8782-0242ac140003', 19),
('007f15b9-28e5-11f0-8782-0242ac140003', '007ca17c-28e5-11f0-8782-0242ac140003', 43),
('007f15b9-28e5-11f0-8782-0242ac140003', '007ca1ac-28e5-11f0-8782-0242ac140003', 26),
('007f15b9-28e5-11f0-8782-0242ac140003', '007ca1c5-28e5-11f0-8782-0242ac140003', 102),
('007f15d0-28e5-11f0-8782-0242ac140003', '007ca0a3-28e5-11f0-8782-0242ac140003', 16),
('007f15d0-28e5-11f0-8782-0242ac140003', '007ca0e5-28e5-11f0-8782-0242ac140003', 79),
('007f15d0-28e5-11f0-8782-0242ac140003', '007ca0fe-28e5-11f0-8782-0242ac140003', 15),
('007f15d0-28e5-11f0-8782-0242ac140003', '007ca14e-28e5-11f0-8782-0242ac140003', 16),
('007f15d0-28e5-11f0-8782-0242ac140003', '007ca166-28e5-11f0-8782-0242ac140003', 97),
('007f15d0-28e5-11f0-8782-0242ac140003', '007ca194-28e5-11f0-8782-0242ac140003', 95),
('007f15d0-28e5-11f0-8782-0242ac140003', '007ca1ac-28e5-11f0-8782-0242ac140003', 92),
('007f15e9-28e5-11f0-8782-0242ac140003', '007c9fc9-28e5-11f0-8782-0242ac140003', 56),
('007f15e9-28e5-11f0-8782-0242ac140003', '007ca0c9-28e5-11f0-8782-0242ac140003', 31),
('007f15e9-28e5-11f0-8782-0242ac140003', '007ca131-28e5-11f0-8782-0242ac140003', 57),
('007f15e9-28e5-11f0-8782-0242ac140003', '007ca14e-28e5-11f0-8782-0242ac140003', 50),
('007f15e9-28e5-11f0-8782-0242ac140003', '007ca166-28e5-11f0-8782-0242ac140003', 95),
('007f15e9-28e5-11f0-8782-0242ac140003', '007ca17c-28e5-11f0-8782-0242ac140003', 24),
('007f15e9-28e5-11f0-8782-0242ac140003', '007ca194-28e5-11f0-8782-0242ac140003', 81),
('007f1601-28e5-11f0-8782-0242ac140003', '007c9fc9-28e5-11f0-8782-0242ac140003', 66),
('007f1601-28e5-11f0-8782-0242ac140003', '007ca0c9-28e5-11f0-8782-0242ac140003', 30),
('007f1601-28e5-11f0-8782-0242ac140003', '007ca0e5-28e5-11f0-8782-0242ac140003', 45),
('007f1601-28e5-11f0-8782-0242ac140003', '007ca118-28e5-11f0-8782-0242ac140003', 14),
('007f1601-28e5-11f0-8782-0242ac140003', '007ca131-28e5-11f0-8782-0242ac140003', 44),
('007f1601-28e5-11f0-8782-0242ac140003', '007ca166-28e5-11f0-8782-0242ac140003', 90),
('007f1601-28e5-11f0-8782-0242ac140003', '007ca1ac-28e5-11f0-8782-0242ac140003', 31),
('007f1601-28e5-11f0-8782-0242ac140003', '007ca1c5-28e5-11f0-8782-0242ac140003', 40),
('007f1601-28e5-11f0-8782-0242ac140003', '007ca1e5-28e5-11f0-8782-0242ac140003', 33),
('007f1619-28e5-11f0-8782-0242ac140003', '007c9fc9-28e5-11f0-8782-0242ac140003', 82),
('007f1619-28e5-11f0-8782-0242ac140003', '007ca0a3-28e5-11f0-8782-0242ac140003', 38),
('007f1619-28e5-11f0-8782-0242ac140003', '007ca0c9-28e5-11f0-8782-0242ac140003', 11),
('007f1619-28e5-11f0-8782-0242ac140003', '007ca0e5-28e5-11f0-8782-0242ac140003', 104),
('007f1619-28e5-11f0-8782-0242ac140003', '007ca0fe-28e5-11f0-8782-0242ac140003', 36),
('007f1619-28e5-11f0-8782-0242ac140003', '007ca131-28e5-11f0-8782-0242ac140003', 32),
('007f1619-28e5-11f0-8782-0242ac140003', '007ca14e-28e5-11f0-8782-0242ac140003', 69),
('007f1619-28e5-11f0-8782-0242ac140003', '007ca166-28e5-11f0-8782-0242ac140003', 38),
('007f1619-28e5-11f0-8782-0242ac140003', '007ca1ac-28e5-11f0-8782-0242ac140003', 36),
('007f1619-28e5-11f0-8782-0242ac140003', '007ca1c5-28e5-11f0-8782-0242ac140003', 19),
('007f1633-28e5-11f0-8782-0242ac140003', '007c9bab-28e5-11f0-8782-0242ac140003', 77),
('007f1633-28e5-11f0-8782-0242ac140003', '007ca0a3-28e5-11f0-8782-0242ac140003', 50),
('007f1633-28e5-11f0-8782-0242ac140003', '007ca0c9-28e5-11f0-8782-0242ac140003', 54),
('007f1633-28e5-11f0-8782-0242ac140003', '007ca0e5-28e5-11f0-8782-0242ac140003', 38),
('007f1633-28e5-11f0-8782-0242ac140003', '007ca0fe-28e5-11f0-8782-0242ac140003', 81),
('007f1633-28e5-11f0-8782-0242ac140003', '007ca118-28e5-11f0-8782-0242ac140003', 62),
('007f1633-28e5-11f0-8782-0242ac140003', '007ca131-28e5-11f0-8782-0242ac140003', 51),
('007f1633-28e5-11f0-8782-0242ac140003', '007ca14e-28e5-11f0-8782-0242ac140003', 85),
('007f1633-28e5-11f0-8782-0242ac140003', '007ca17c-28e5-11f0-8782-0242ac140003', 29),
('007f1633-28e5-11f0-8782-0242ac140003', '007ca194-28e5-11f0-8782-0242ac140003', 66),
('007f1633-28e5-11f0-8782-0242ac140003', '007ca1ac-28e5-11f0-8782-0242ac140003', 75),
('007f1633-28e5-11f0-8782-0242ac140003', '007ca1c5-28e5-11f0-8782-0242ac140003', 36),
('007f164b-28e5-11f0-8782-0242ac140003', '007c9bab-28e5-11f0-8782-0242ac140003', 49),
('007f164b-28e5-11f0-8782-0242ac140003', '007c9fc9-28e5-11f0-8782-0242ac140003', 58),
('007f164b-28e5-11f0-8782-0242ac140003', '007ca0e5-28e5-11f0-8782-0242ac140003', 67),
('007f164b-28e5-11f0-8782-0242ac140003', '007ca131-28e5-11f0-8782-0242ac140003', 42),
('007f164b-28e5-11f0-8782-0242ac140003', '007ca14e-28e5-11f0-8782-0242ac140003', 53),
('007f164b-28e5-11f0-8782-0242ac140003', '007ca17c-28e5-11f0-8782-0242ac140003', 83),
('007f164b-28e5-11f0-8782-0242ac140003', '007ca194-28e5-11f0-8782-0242ac140003', 36),
('007f164b-28e5-11f0-8782-0242ac140003', '007ca1e5-28e5-11f0-8782-0242ac140003', 48),
('007f1662-28e5-11f0-8782-0242ac140003', '007c9bab-28e5-11f0-8782-0242ac140003', 38),
('007f1662-28e5-11f0-8782-0242ac140003', '007ca0a3-28e5-11f0-8782-0242ac140003', 65),
('007f1662-28e5-11f0-8782-0242ac140003', '007ca0c9-28e5-11f0-8782-0242ac140003', 88),
('007f1662-28e5-11f0-8782-0242ac140003', '007ca0e5-28e5-11f0-8782-0242ac140003', 73),
('007f1662-28e5-11f0-8782-0242ac140003', '007ca0fe-28e5-11f0-8782-0242ac140003', 74),
('007f1662-28e5-11f0-8782-0242ac140003', '007ca118-28e5-11f0-8782-0242ac140003', 54),
('007f1662-28e5-11f0-8782-0242ac140003', '007ca131-28e5-11f0-8782-0242ac140003', 80),
('007f1662-28e5-11f0-8782-0242ac140003', '007ca14e-28e5-11f0-8782-0242ac140003', 47),
('007f1662-28e5-11f0-8782-0242ac140003', '007ca17c-28e5-11f0-8782-0242ac140003', 10),
('007f1662-28e5-11f0-8782-0242ac140003', '007ca1e5-28e5-11f0-8782-0242ac140003', 71),
('007f1679-28e5-11f0-8782-0242ac140003', '007ca0c9-28e5-11f0-8782-0242ac140003', 95),
('007f1679-28e5-11f0-8782-0242ac140003', '007ca0e5-28e5-11f0-8782-0242ac140003', 41),
('007f1679-28e5-11f0-8782-0242ac140003', '007ca14e-28e5-11f0-8782-0242ac140003', 84),
('007f1679-28e5-11f0-8782-0242ac140003', '007ca166-28e5-11f0-8782-0242ac140003', 30),
('007f1679-28e5-11f0-8782-0242ac140003', '007ca17c-28e5-11f0-8782-0242ac140003', 39),
('007f1679-28e5-11f0-8782-0242ac140003', '007ca1ac-28e5-11f0-8782-0242ac140003', 84),
('007f1679-28e5-11f0-8782-0242ac140003', '007ca1e5-28e5-11f0-8782-0242ac140003', 70),
('007f1691-28e5-11f0-8782-0242ac140003', '007c9bab-28e5-11f0-8782-0242ac140003', 56),
('007f1691-28e5-11f0-8782-0242ac140003', '007c9fc9-28e5-11f0-8782-0242ac140003', 87),
('007f1691-28e5-11f0-8782-0242ac140003', '007ca0a3-28e5-11f0-8782-0242ac140003', 7),
('007f1691-28e5-11f0-8782-0242ac140003', '007ca0c9-28e5-11f0-8782-0242ac140003', 68),
('007f1691-28e5-11f0-8782-0242ac140003', '007ca0e5-28e5-11f0-8782-0242ac140003', 71),
('007f1691-28e5-11f0-8782-0242ac140003', '007ca118-28e5-11f0-8782-0242ac140003', 5),
('007f1691-28e5-11f0-8782-0242ac140003', '007ca131-28e5-11f0-8782-0242ac140003', 12),
('007f1691-28e5-11f0-8782-0242ac140003', '007ca17c-28e5-11f0-8782-0242ac140003', 68),
('007f1691-28e5-11f0-8782-0242ac140003', '007ca194-28e5-11f0-8782-0242ac140003', 85),
('007f1691-28e5-11f0-8782-0242ac140003', '007ca1c5-28e5-11f0-8782-0242ac140003', 20),
('007f1691-28e5-11f0-8782-0242ac140003', '007ca1e5-28e5-11f0-8782-0242ac140003', 58);

-- --------------------------------------------------------

--
-- Структура таблицы `Resources`
--

CREATE TABLE `Resources` (
  `Id` char(36) CHARACTER SET ascii COLLATE ascii_general_ci NOT NULL,
  `Title` varchar(100) CHARACTER SET utf8mb4 COLLATE utf8mb4_0900_ai_ci NOT NULL,
  `Unit` varchar(10) CHARACTER SET utf8mb4 COLLATE utf8mb4_0900_ai_ci NOT NULL
) ENGINE=InnoDB DEFAULT CHARSET=utf8mb4 COLLATE=utf8mb4_0900_ai_ci;

--
-- Дамп данных таблицы `Resources`
--

INSERT INTO `Resources` (`Id`, `Title`, `Unit`) VALUES
('007b8990-28e5-11f0-8782-0242ac140003', 'Дерево', 'м³'),
('007b8dfe-28e5-11f0-8782-0242ac140003', 'Металл', 'кг'),
('007b8e49-28e5-11f0-8782-0242ac140003', 'Пластик', 'кг'),
('007b8e69-28e5-11f0-8782-0242ac140003', 'Стекло', 'кг'),
('007b8e85-28e5-11f0-8782-0242ac140003', 'Ткань', 'м'),
('007b8ea1-28e5-11f0-8782-0242ac140003', 'Краска', 'л'),
('007b8ebc-28e5-11f0-8782-0242ac140003', 'Гвозди', 'шт'),
('007b8ed4-28e5-11f0-8782-0242ac140003', 'Клей', 'л'),
('007b8ef2-28e5-11f0-8782-0242ac140003', 'Проволока', 'м'),
('007b8f0b-28e5-11f0-8782-0242ac140003', 'Фурнитура', 'шт');

-- --------------------------------------------------------

--
-- Структура таблицы `Shops`
--

CREATE TABLE `Shops` (
  `Id` char(36) CHARACTER SET ascii COLLATE ascii_general_ci NOT NULL,
  `Title` varchar(100) CHARACTER SET utf8mb4 COLLATE utf8mb4_0900_ai_ci NOT NULL
) ENGINE=InnoDB DEFAULT CHARSET=utf8mb4 COLLATE=utf8mb4_0900_ai_ci;

--
-- Дамп данных таблицы `Shops`
--

INSERT INTO `Shops` (`Id`, `Title`) VALUES
('007dbcb1-28e5-11f0-8782-0242ac140003', 'Магазин \"Центральный\" Москва'),
('007dc144-28e5-11f0-8782-0242ac140003', 'Магазин \"Северный\" СПб'),
('007dc236-28e5-11f0-8782-0242ac140003', 'Магазин \"Южный\" Ростов'),
('007dc25d-28e5-11f0-8782-0242ac140003', 'Магазин \"Восточный\" Екатеринбург'),
('007dc279-28e5-11f0-8782-0242ac140003', 'Магазин \"Западный\" Калининград'),
('007dc293-28e5-11f0-8782-0242ac140003', 'Магазин №6 Новосибирск'),
('007dc2ab-28e5-11f0-8782-0242ac140003', 'Магазин №7 Казань'),
('007dc342-28e5-11f0-8782-0242ac140003', 'Магазин №8 Нижний Новгород'),
('007dc36f-28e5-11f0-8782-0242ac140003', 'Магазин №9 Самара'),
('007dc38a-28e5-11f0-8782-0242ac140003', 'Магазин №10 Челябинск'),
('007dc3a3-28e5-11f0-8782-0242ac140003', 'Магазин №11 Омск'),
('007dc3bd-28e5-11f0-8782-0242ac140003', 'Магазин №12 Уфа'),
('007dc3d5-28e5-11f0-8782-0242ac140003', 'Магазин №13 Красноярск'),
('007dc3f7-28e5-11f0-8782-0242ac140003', 'Магазин №14 Пермь'),
('007dc40e-28e5-11f0-8782-0242ac140003', 'Магазин №15 Воронеж'),
('007dc425-28e5-11f0-8782-0242ac140003', 'Магазин №16 Краснодар'),
('007dc43c-28e5-11f0-8782-0242ac140003', 'Магазин №17 Саратов'),
('007dc453-28e5-11f0-8782-0242ac140003', 'Магазин №18 Тюмень'),
('007dc46a-28e5-11f0-8782-0242ac140003', 'Магазин №19 Ижевск'),
('007dc482-28e5-11f0-8782-0242ac140003', 'Магазин №20 Барнаул');

-- --------------------------------------------------------

--
-- Структура таблицы `Warehouses`
--

CREATE TABLE `Warehouses` (
  `Id` char(36) CHARACTER SET ascii COLLATE ascii_general_ci NOT NULL,
  `Title` varchar(100) CHARACTER SET utf8mb4 COLLATE utf8mb4_0900_ai_ci NOT NULL
) ENGINE=InnoDB DEFAULT CHARSET=utf8mb4 COLLATE=utf8mb4_0900_ai_ci;

--
-- Дамп данных таблицы `Warehouses`
--

INSERT INTO `Warehouses` (`Id`, `Title`) VALUES
('007c9bab-28e5-11f0-8782-0242ac140003', 'Центральный склад Москва'),
('007c9fc9-28e5-11f0-8782-0242ac140003', 'Северный склад СПб'),
('007ca0a3-28e5-11f0-8782-0242ac140003', 'Южный склад Ростов'),
('007ca0c9-28e5-11f0-8782-0242ac140003', 'Восточный склад Екатеринбург'),
('007ca0e5-28e5-11f0-8782-0242ac140003', 'Западный склад Калининград'),
('007ca0fe-28e5-11f0-8782-0242ac140003', 'Склад №6 Новосибирск'),
('007ca118-28e5-11f0-8782-0242ac140003', 'Склад №7 Казань'),
('007ca131-28e5-11f0-8782-0242ac140003', 'Склад №8 Нижний Новгород'),
('007ca14e-28e5-11f0-8782-0242ac140003', 'Склад №9 Самара'),
('007ca166-28e5-11f0-8782-0242ac140003', 'Склад №10 Челябинск'),
('007ca17c-28e5-11f0-8782-0242ac140003', 'Склад №11 Омск'),
('007ca194-28e5-11f0-8782-0242ac140003', 'Склад №12 Уфа'),
('007ca1ac-28e5-11f0-8782-0242ac140003', 'Склад №13 Красноярск'),
('007ca1c5-28e5-11f0-8782-0242ac140003', 'Склад №14 Пермь'),
('007ca1e5-28e5-11f0-8782-0242ac140003', 'Склад №15 Воронеж');

-- --------------------------------------------------------

--
-- Структура таблицы `__EFMigrationsHistory`
--

CREATE TABLE `__EFMigrationsHistory` (
  `MigrationId` varchar(150) CHARACTER SET utf8mb4 COLLATE utf8mb4_0900_ai_ci NOT NULL,
  `ProductVersion` varchar(32) CHARACTER SET utf8mb4 COLLATE utf8mb4_0900_ai_ci NOT NULL
) ENGINE=InnoDB DEFAULT CHARSET=utf8mb4 COLLATE=utf8mb4_0900_ai_ci;

--
-- Дамп данных таблицы `__EFMigrationsHistory`
--

INSERT INTO `__EFMigrationsHistory` (`MigrationId`, `ProductVersion`) VALUES
('20250503200614_Initial', '8.0.13');

--
-- Индексы сохранённых таблиц
--

--
-- Индексы таблицы `Distances`
--
ALTER TABLE `Distances`
  ADD PRIMARY KEY (`ShopId`,`WarehouseId`),
  ADD KEY `IX_Distances_WarehouseId` (`WarehouseId`);

--
-- Индексы таблицы `ProductResources`
--
ALTER TABLE `ProductResources`
  ADD PRIMARY KEY (`ProductId`,`ResourceId`),
  ADD KEY `IX_ProductResources_ResourceId` (`ResourceId`);

--
-- Индексы таблицы `Products`
--
ALTER TABLE `Products`
  ADD PRIMARY KEY (`Id`);

--
-- Индексы таблицы `ProductWarehouses`
--
ALTER TABLE `ProductWarehouses`
  ADD PRIMARY KEY (`ProductId`,`WarehouseId`),
  ADD KEY `IX_ProductWarehouses_WarehouseId` (`WarehouseId`);

--
-- Индексы таблицы `Resources`
--
ALTER TABLE `Resources`
  ADD PRIMARY KEY (`Id`);

--
-- Индексы таблицы `Shops`
--
ALTER TABLE `Shops`
  ADD PRIMARY KEY (`Id`);

--
-- Индексы таблицы `Warehouses`
--
ALTER TABLE `Warehouses`
  ADD PRIMARY KEY (`Id`);

--
-- Индексы таблицы `__EFMigrationsHistory`
--
ALTER TABLE `__EFMigrationsHistory`
  ADD PRIMARY KEY (`MigrationId`);

--
-- Ограничения внешнего ключа сохраненных таблиц
--

--
-- Ограничения внешнего ключа таблицы `Distances`
--
ALTER TABLE `Distances`
  ADD CONSTRAINT `FK_Distances_Shops_ShopId` FOREIGN KEY (`ShopId`) REFERENCES `Shops` (`Id`) ON DELETE CASCADE,
  ADD CONSTRAINT `FK_Distances_Warehouses_WarehouseId` FOREIGN KEY (`WarehouseId`) REFERENCES `Warehouses` (`Id`) ON DELETE CASCADE;

--
-- Ограничения внешнего ключа таблицы `ProductResources`
--
ALTER TABLE `ProductResources`
  ADD CONSTRAINT `FK_ProductResources_Products_ProductId` FOREIGN KEY (`ProductId`) REFERENCES `Products` (`Id`) ON DELETE CASCADE,
  ADD CONSTRAINT `FK_ProductResources_Resources_ResourceId` FOREIGN KEY (`ResourceId`) REFERENCES `Resources` (`Id`) ON DELETE CASCADE;

--
-- Ограничения внешнего ключа таблицы `ProductWarehouses`
--
ALTER TABLE `ProductWarehouses`
  ADD CONSTRAINT `FK_ProductWarehouses_Products_ProductId` FOREIGN KEY (`ProductId`) REFERENCES `Products` (`Id`) ON DELETE CASCADE,
  ADD CONSTRAINT `FK_ProductWarehouses_Warehouses_WarehouseId` FOREIGN KEY (`WarehouseId`) REFERENCES `Warehouses` (`Id`) ON DELETE CASCADE;
COMMIT;

/*!40101 SET CHARACTER_SET_CLIENT=@OLD_CHARACTER_SET_CLIENT */;
/*!40101 SET CHARACTER_SET_RESULTS=@OLD_CHARACTER_SET_RESULTS */;
/*!40101 SET COLLATION_CONNECTION=@OLD_COLLATION_CONNECTION */;
